{
    "best_trial_number": 61,
    "best_f1_score": 0.7541945417861315,
    "best_parameters": {
        "epochs": 66,
        "batch_size": 32,
        "lr": 0.0007558549339626538,
        "hidden_size": 256,
        "dropout": 0.3768250095863389,
        "num_layers": 1
    }
}