model,f1_score
BiGRU,0.6079486804946929
ATBiGRU,0.6743691346990245
BiLSTM,0.6366639665879622
ATBiLSTM,0.5742214362904018
KimCNN,0.6947104657948032
BERTModel,0.6089389182138091
