{
    "best_trial_number": 116,
    "best_f1_score": 0.6705849176971369,
    "best_parameters": {
        "epochs": 150,
        "batch_size": 128,
        "lr": 0.0009237510674315301,
        "fc1_size": 256,
        "dropout": 0.3126870842139805
    }
}