{
    "best_trial_number": 55,
    "best_f1_score": 0.7186984011920583,
    "best_parameters": {
        "epochs": 38,
        "batch_size": 128,
        "lr": 3.95750430073766e-05,
        "hidden_size": 768,
        "dropout": 0.1590644909789138,
        "num_layers": 2
    }
}