{
    "best_trial_number": 171,
    "best_f1_score": 0.786966811491086,
    "best_parameters": {
        "epochs": 33,
        "batch_size": 16,
        "lr": 0.0008737344164245942,
        "hidden_size": 512,
        "dropout": 0.42203897376408267,
        "num_layers": 2
    }
}