{
    "best_trial_number": 59,
    "best_f1_score": 0.7719321263010583,
    "best_parameters": {
        "epochs": 28,
        "batch_size": 32,
        "lr": 0.0007956795326531057,
        "hidden_size": 768,
        "dropout": 0.182477160815035,
        "num_layers": 1
    }
}