{
    "best_trial_number": 129,
    "best_f1_score": 0.7344172588737807,
    "best_parameters": {
        "epochs": 36,
        "batch_size": 32,
        "lr": 0.0007442954901298255,
        "hidden_size": 512,
        "dropout": 0.47638243066076896,
        "num_layers": 1
    }
}