model,f1_score
BiGRU,0.6665568457899997
ATBiGRU,0.6531713286957737
BiLSTM,0.6367063485581078
ATBiLSTM,0.6616402970843488
KimCNN,0.6004619909093701
BERTModel,0.7041750649366132
