model,f1_score_wtwt,f1_score_except_wtwt
BiGRU,0.8092418933857433,0.6665416836586554
ATBiGRU,0.7853729625255629,0.6381528929962175
BiLSTM,0.796488283700261,0.6225598225610732
ATBiLSTM,0.8004048025188419,0.6525762050879146
KimCNN,0.7744792431046115,0.6071514499782905
BERTModel,0.8315237623101682,0.6608932572505782
