feature,Logistic Regression,XGBoost,correct_mean_std,incorrect_mean_std,lr_coef_count,xgb_coef_count,num_significant,significance_rate,lr_sign
joy*,0.2709438309806237,0.0255762636661529,0.1450 ± 0.2131,0.0775 ± 0.1376,13,13,13,13/13,positive
fear*,-0.3351748701542784,0.0604624263942241,0.2079 ± 0.3054,0.3527 ± 0.3803,13,13,11,11/13,negative
certainty_adjectives_count*,0.2348823704224976,0.027269365265965448,0.2641 ± 0.4996,0.1300 ± 0.3548,13,12,11,11/13,positive
avg_word_length*,-1.101270025724758,0.0314776040613651,4.6381 ± 0.7555,4.9631 ± 0.9030,13,13,10,10/13,negative
std_word_length*,0.4817813681645851,0.0201735757291317,3.5956 ± 0.8485,3.7770 ± 0.8245,13,13,10,10/13,positive
C_ratio*,-0.3434499375588722,0.0338335242122411,0.9867 ± 0.0307,0.9913 ± 0.0234,13,12,9,9/13,negative
