model,f1_score
BiGRU,0.6866648790916705
ATBiGRU,0.6767890062007709
BiLSTM,0.694015140107596
ATBiLSTM,0.6324926900584794
KimCNN,0.6560069723786537
BERTModel,0.785424091233072
