target,text,stance,word_count,sentence_count,avg_word_length,std_word_length,type_token_ratio,hapax_legomena,stopword_ratio,punctuation_density,noun_ratio,verb_ratio,adj_ratio,adv_ratio,pronoun_ratio,avg_dependency_depth,function_word_ratio,punctuation_usage,readability_score,sentence_length_variation,subordinate_clause_ratio,sentiment_polarity,sentiment_subjectivity,anger,joy,fear,sadness,disgust,surprise,certainty_adverbs_count,certainty_verbs_count,certainty_adjectives_count,doubt_adverbs_count,doubt_verbs_count,doubt_adjectives_count,hedges_score,hedge_C_count,hedge_D_count,hedge_E_count,hedge_I_count,hedge_N_count,C_ratio,D_ratio,E_ratio,I_ratio,N_ratio
stay_at_home_orders,"Seriously, I don't know why people thought #1 that gyms were safe &amp; #2 that they were going to stay open. Idiots can't even wear a mask correctly, or won't wear one at all.

Another mad dash for equipment again...over here? We'll keep working out in our home gym.:woman_lifting_weights_medium_skin_tone::flexed_biceps_medium_skin_tone:",1,70.0,5.0,4.142857142857143,5.599198193327618,0.8428571428571429,0.7285714285714285,0.3,0.42857142857142855,0.15714285714285714,0.15714285714285714,0.04285714285714286,0.11428571428571428,0.05714285714285714,1.0,0.45454545454545453,0.1,6.9,6.6932802122726045,0.07142857142857142,-0.25166666666666665,0.6933333333333334,0.2764368951320648,0.008257966488599777,0.011068817228078842,0.027714112773537636,0.014460261911153793,0.6125170588493347,1.0,1.0,0.0,0.0,0.0,1.0,0.9430572390556335,48.0,1.0,0.0,0.0,0.0,0.9795918367346939,0.02040816326530612,0.0,0.0,0.0
stay_at_home_orders,@WVGovernor What's it gonna take to shut us down again? How many of us have to get sick and die until you realize we were IN FACT,1,31.0,2.0,3.3225806451612905,1.7668469596940843,0.9354838709677419,0.8709677419354839,0.4838709677419355,0.0967741935483871,0.12903225806451613,0.25806451612903225,0.0967741935483871,0.06451612903225806,0.16129032258064516,1.0,0.7,0.03225806451612903,3.8,3.5,0.1935483870967742,-0.12328042328042328,0.5486772486772487,0.1405591368675232,0.012639902532100677,0.275937020778656,0.21219106018543243,0.000703201862052083,0.3037848174571991,1.0,0.0,0.0,0.0,0.0,0.0,0.0,26.0,0.0,0.0,0.0,1.0,0.9629629629629629,0.0,0.0,0.0,0.037037037037037035
