{
    "best_trial_number": 173,
    "best_f1_score": 0.6167403803626713,
    "best_parameters": {
        "epochs": 60,
        "batch_size": 64,
        "lr": 2.038022479969334e-05,
        "hidden_size": 768,
        "dropout": 0.23633671846454615,
        "num_layers": 1
    }
}