{
    "best_trial_number": 72,
    "best_f1_score": 0.6997671957671958,
    "best_parameters": {
        "epochs": 35,
        "batch_size": 64,
        "lr": 4.860032490687613e-05,
        "hidden_size": 768,
        "dropout": 0.4676740550977504,
        "num_layers": 1
    }
}