{
    "best_trial_number": 52,
    "best_f1_score": 0.6414582442393558,
    "best_parameters": {
        "epochs": 6,
        "batch_size": 8,
        "lr": 4.028489371616393e-05,
        "dropout": 0.21043878704372165
    }
}