{
    "best_trial_number": 54,
    "best_f1_score": 0.6972506065216497,
    "best_parameters": {
        "epochs": 98,
        "batch_size": 128,
        "lr": 4.4715374347728774e-05,
        "hidden_size": 768,
        "dropout": 0.48440050779273286,
        "num_layers": 1
    }
}