{
    "best_trial_number": 138,
    "best_f1_score": 0.6756401617250675,
    "best_parameters": {
        "epochs": 72,
        "batch_size": 128,
        "lr": 0.0007712706002674617,
        "fc1_size": 64,
        "dropout": 0.14976245556750836
    }
}