model,f1_score
BiGRU,0.7511729490823881
ATBiGRU,0.7297113904657425
BiLSTM,0.7143046357615894
ATBiLSTM,0.7257469802924348
KimCNN,0.6987356303721917
BERTModel,0.7748389956536013
