model,f1_score
BiGRU,0.7803445341663536
ATBiGRU,0.7936198641789272
BiLSTM,0.8005659785764735
ATBiLSTM,0.7781669300894652
KimCNN,0.7937489889618669
BERTModel,0.8257792839142448
