model,f1_score
BiGRU,0.5602275718021514
ATBiGRU,0.6067293116639898
BiLSTM,0.5254132231404959
ATBiLSTM,0.4834520318391286
KimCNN,0.5549203609822745
BERTModel,0.5246928916494134
