{
    "best_trial_number": 60,
    "best_f1_score": 0.6991859760714826,
    "best_parameters": {
        "epochs": 79,
        "batch_size": 128,
        "lr": 2.898039938538284e-05,
        "fc1_size": 128,
        "dropout": 0.4139470625709275
    }
}