target,text,stance,word_count,sentence_count,avg_word_length,std_word_length,type_token_ratio,hapax_legomena,stopword_ratio,punctuation_density,noun_ratio,verb_ratio,adj_ratio,adv_ratio,pronoun_ratio,avg_dependency_depth,function_word_ratio,punctuation_usage,readability_score,sentence_length_variation,subordinate_clause_ratio,sentiment_polarity,sentiment_subjectivity,anger,joy,fear,sadness,disgust,surprise,certainty_adverbs_count,certainty_verbs_count,certainty_adjectives_count,doubt_adverbs_count,doubt_verbs_count,doubt_adjectives_count,hedges_score,hedge_C_count,hedge_D_count,hedge_E_count,hedge_I_count,hedge_N_count,C_ratio,D_ratio,E_ratio,I_ratio,N_ratio
Climate Change is a Real Concern,The Weather app keeps taunting us with rain. #PNW #drought #SemST,2,15.0,2.0,3.6666666666666665,2.270584848790187,0.8666666666666667,0.8,0.13333333333333333,0.26666666666666666,0.3333333333333333,0.06666666666666667,0.13333333333333333,0.0,0.06666666666666667,1.0,0.2,0.06666666666666667,0.7,2.5,0.06666666666666667,0.0,0.0,0.016936680302023888,0.0037841331213712692,0.9528736472129822,0.021666299551725388,0.00036754069151356816,0.002323250053450465,0.0,0.0,0.0,0.0,0.0,0.0,0.0,11.0,0.0,0.0,0.0,0.0,1.0,0.0,0.0,0.0,0.0
Climate Change is a Real Concern,The stock market froze  In the summer ?!! #SemST,2,12.0,3.0,3.25,1.963203164898291,0.9166666666666666,0.8333333333333334,0.25,0.3333333333333333,0.4166666666666667,0.0,0.0,0.0,0.0,1.0,0.23076923076923078,0.25,2.9,3.2998316455372216,0.0,0.0,0.0,0.10285316407680511,0.010708550922572613,0.376885324716568,0.3376440107822418,0.0015228892443701625,0.14516925811767578,0.0,0.0,0.0,0.0,0.0,0.0,0.0,9.0,0.0,0.0,0.0,0.0,1.0,0.0,0.0,0.0,0.0
Climate Change is a Real Concern,"What has been will be again, what has been done will be done again; there is nothing new under the sun. Ecclesiastes 1:9 #SemST",2,28.0,2.0,3.7142857142857144,2.152359881902766,0.7857142857142857,0.5714285714285714,0.5714285714285714,0.17857142857142858,0.10714285714285714,0.35714285714285715,0.03571428571428571,0.07142857142857142,0.0,1.0,0.6785714285714286,0.03571428571428571,3.3,9.0,0.07142857142857142,0.13636363636363635,0.45454545454545453,0.13291914761066437,0.03671577200293541,0.5199341177940369,0.05492772161960602,0.004398607183247805,0.1353849172592163,0.0,0.0,1.0,0.0,0.0,0.0,0.0,24.0,0.0,0.0,0.0,0.0,1.0,0.0,0.0,0.0,0.0
