{
    "best_trial_number": 12,
    "best_f1_score": 0.6879970760233918,
    "best_parameters": {
        "epochs": 53,
        "batch_size": 16,
        "lr": 4.047192768884358e-05,
        "fc1_size": 256,
        "dropout": 0.26348912547086917
    }
}