{
    "best_trial_number": 146,
    "best_f1_score": 0.6259759288330717,
    "best_parameters": {
        "epochs": 63,
        "batch_size": 128,
        "lr": 1.496030655457596e-05,
        "hidden_size": 768,
        "dropout": 0.23469893114804785,
        "num_layers": 1
    }
}