{
    "best_trial_number": 147,
    "best_f1_score": 0.7812881174184036,
    "best_parameters": {
        "epochs": 58,
        "batch_size": 128,
        "lr": 0.000875800712443372,
        "fc1_size": 128,
        "dropout": 0.32680794126735874
    }
}