model,f1_score
BiGRU,0.6060420014731486
ATBiGRU,0.6129283450054057
BiLSTM,0.5683691756272401
ATBiLSTM,0.6042259826304951
KimCNN,0.638111948910071
BERTModel,0.5535350387395576
