target,text,stance,word_count,sentence_count,avg_word_length,std_word_length,type_token_ratio,hapax_legomena,stopword_ratio,punctuation_density,noun_ratio,verb_ratio,adj_ratio,adv_ratio,pronoun_ratio,avg_dependency_depth,function_word_ratio,punctuation_usage,readability_score,sentence_length_variation,subordinate_clause_ratio,sentiment_polarity,sentiment_subjectivity,anger,joy,fear,sadness,disgust,surprise,certainty_adverbs_count,certainty_verbs_count,certainty_adjectives_count,doubt_adverbs_count,doubt_verbs_count,doubt_adjectives_count,hedges_score,hedge_C_count,hedge_D_count,hedge_E_count,hedge_I_count,hedge_N_count,C_ratio,D_ratio,E_ratio,I_ratio,N_ratio
Donald Trump,@gerfingerpoken2 @tomgreen1959 Of course he did. Traitors conspire with #traitors #ImpeachObama #SemST,2,18.0,2.0,5.055555555555555,4.377622670687091,0.8333333333333334,0.7222222222222222,0.2222222222222222,0.3333333333333333,0.4444444444444444,0.1111111111111111,0.05555555555555555,0.0,0.05555555555555555,1.0,0.25,0.05555555555555555,6.8,0.0,0.0,0.0,0.0,0.007274529431015253,0.002402707701548934,0.9873505234718323,0.0016881460323929787,0.00021988355729263276,0.0006126816151663661,0.0,0.0,0.0,0.0,0.0,0.0,0.0,12.0,0.0,0.0,0.0,0.0,1.0,0.0,0.0,0.0,0.0
Donald Trump,Hey guise. Any recommendation for a good taco place in midtown? #Trump #SemST,2,17.0,3.0,3.823529411764706,3.1104244862123025,0.9411764705882353,0.8823529411764706,0.23529411764705882,0.23529411764705882,0.47058823529411764,0.0,0.058823529411764705,0.0,0.0,1.0,0.23529411764705882,0.11764705882352941,6.0,3.299831645537222,0.0,0.7,0.6000000000000001,0.021877765655517578,0.017631463706493378,0.9379922151565552,0.0077467323280870914,0.0006167016108520329,0.0075703393667936325,0.0,1.0,0.0,0.0,0.0,0.0,0.0,13.0,0.0,0.0,0.0,0.0,1.0,0.0,0.0,0.0,0.0
Donald Trump,"@JimGaffigan No truth to the rumor that Trump said today ""Did I say Mexicans? I meant Bill Cosby."" #Cosby #SemST",2,27.0,3.0,3.5185185185185186,2.3471080767044232,0.8888888888888888,0.7777777777777778,0.25925925925925924,0.25925925925925924,0.4444444444444444,0.1111111111111111,0.0,0.0,0.07407407407407407,1.0,0.3076923076923077,0.07407407407407407,4.8,5.2493385826745405,0.0,0.0,0.0,0.010401332750916481,0.001974094193428755,0.9752021431922913,0.00900684017688036,0.0001943073293659836,0.002092007314786315,1.0,1.0,0.0,0.0,0.0,0.0,0.7836177349090576,19.0,1.0,0.0,0.0,0.0,0.95,0.05,0.0,0.0,0.0
