stance,importance_pearson,importance_spearman,rank_spearman
All_Stances,0.8602691723088461,0.773180308064029,0.773180308064029
FAVOR,0.8872068283562303,0.8524614919963757,0.8524614919963757
AGAINST,0.8231548426461086,0.6763817577771066,0.6763817577771066
NONE,0.8328861424007832,0.7077922077922078,0.7077922077922078
