target,text,stance,word_count,sentence_count,avg_word_length,std_word_length,type_token_ratio,hapax_legomena,stopword_ratio,punctuation_density,noun_ratio,verb_ratio,adj_ratio,adv_ratio,pronoun_ratio,avg_dependency_depth,function_word_ratio,punctuation_usage,readability_score,sentence_length_variation,subordinate_clause_ratio,sentiment_polarity,sentiment_subjectivity,anger,joy,fear,sadness,disgust,surprise,certainty_adverbs_count,certainty_verbs_count,certainty_adjectives_count,doubt_adverbs_count,doubt_verbs_count,doubt_adjectives_count,hedges_score,hedge_C_count,hedge_D_count,hedge_E_count,hedge_I_count,hedge_N_count,C_ratio,D_ratio,E_ratio,I_ratio,N_ratio
stay_at_home_orders,"@mdnij34 Angry, why I can't go out, I'll slap a Karen back to last Thursday. ",0,21.0,1.0,2.9523809523809526,1.98748921473421,0.9047619047619048,0.8095238095238095,0.2857142857142857,0.2857142857142857,0.19047619047619047,0.09523809523809523,0.09523809523809523,0.09523809523809523,0.09523809523809523,1.0,0.6,0.047619047619047616,5.6,0.0,0.047619047619047616,-0.16666666666666666,0.35555555555555557,0.9761824607849121,0.0007689392077736557,0.014861201867461205,0.005685355514287949,0.0005197257269173861,0.0011788333067670465,0.0,0.0,0.0,0.0,0.0,0.0,0.0,15.0,0.0,0.0,0.0,0.0,1.0,0.0,0.0,0.0,0.0
stay_at_home_orders,@noprezzie2012 @dougducey And all of his administration along with every teacher &amp; school administrator in the great state of #Arizona. #Covidhoax #Covid19 #coronascam #CoronaVirusUpdates,0,34.0,2.0,4.9411764705882355,4.392113095020023,0.8235294117647058,0.7352941176470589,0.23529411764705882,0.29411764705882354,0.38235294117647056,0.0,0.08823529411764706,0.0,0.029411764705882353,1.0,0.3125,0.029411764705882353,10.3,8.0,0.0,0.8,0.75,0.0738644078373909,0.011222288012504578,0.8717813491821289,0.0327373668551445,0.000330664508510381,0.006356470752507448,0.0,0.0,1.0,0.0,0.0,0.0,0.0,24.0,0.0,0.0,0.0,0.0,1.0,0.0,0.0,0.0,0.0
stay_at_home_orders,"14 days to slow the spread!
LMFAO. Slow moving propaganda at its best.",0,16.0,3.0,3.625,2.2878756522153907,0.9375,0.875,0.25,0.1875,0.3125,0.125,0.0625,0.0,0.0625,1.0,0.23529411764705882,0.1875,3.5,2.357022603955158,0.0,0.056249999999999994,0.3,0.0752243623137474,0.006871191784739494,0.03605262562632561,0.03545678034424782,0.0626603364944458,0.08529157191514969,1.0,0.0,1.0,0.0,0.0,0.0,0.0,13.0,0.0,0.0,0.0,0.0,1.0,0.0,0.0,0.0,0.0
