{
    "best_trial_number": 197,
    "best_f1_score": 0.7427562659711503,
    "best_parameters": {
        "epochs": 31,
        "batch_size": 32,
        "lr": 1.9018596183221738e-05,
        "hidden_size": 768,
        "dropout": 0.216795815918811,
        "num_layers": 2
    }
}