{
    "best_trial_number": 111,
    "best_f1_score": 0.6180561783198318,
    "best_parameters": {
        "epochs": 63,
        "batch_size": 16,
        "lr": 2.5788392961320145e-05,
        "hidden_size": 256,
        "dropout": 0.44436961777972456,
        "num_layers": 1
    }
}