{
    "best_trial_number": 179,
    "best_f1_score": 0.6406083076175574,
    "best_parameters": {
        "epochs": 100,
        "batch_size": 64,
        "lr": 0.00011070837842038659,
        "fc1_size": 128,
        "dropout": 0.2750802783376015
    }
}