{
    "best_trial_number": 110,
    "best_f1_score": 0.7570674461591369,
    "best_parameters": {
        "epochs": 53,
        "batch_size": 16,
        "lr": 0.0004838907559274132,
        "hidden_size": 768,
        "dropout": 0.41238846804007445,
        "num_layers": 1
    }
}