model,f1_score
BiGRU,0.635108016906019
ATBiGRU,0.6889746889746889
BiLSTM,0.6898786379168139
ATBiLSTM,0.6766533463734911
KimCNN,0.7101553166069294
BERTModel,0.6952266933664756
