{
    "best_trial_number": 118,
    "best_f1_score": 0.7138075271430886,
    "best_parameters": {
        "epochs": 46,
        "batch_size": 64,
        "lr": 1.2279596500603384e-05,
        "fc1_size": 128,
        "dropout": 0.49143474383424335
    }
}