feature,Logistic Regression,XGBoost,correct_mean_std,incorrect_mean_std
joy*,0.2709438309806237,0.0255762636661529,0.1450 ± 0.2131,0.0775 ± 0.1376
fear*,-0.3351748701542784,0.0604624263942241,0.2079 ± 0.3054,0.3527 ± 0.3803
certainty_adjectives_count*,0.2348823704224976,0.027269365265965448,0.2641 ± 0.4996,0.1300 ± 0.3548
avg_word_length*,-1.101270025724758,0.0314776040613651,4.6381 ± 0.7555,4.9631 ± 0.9030
std_word_length*,0.4817813681645851,0.0201735757291317,3.5956 ± 0.8485,3.7770 ± 0.8245
C_ratio*,-0.3434499375588722,0.0338335242122411,0.9867 ± 0.0307,0.9913 ± 0.0234
