{
    "best_trial_number": 50,
    "best_f1_score": 0.644345238095238,
    "best_parameters": {
        "epochs": 54,
        "batch_size": 64,
        "lr": 1.1900542438795205e-05,
        "hidden_size": 768,
        "dropout": 0.31904947023922436,
        "num_layers": 1
    }
}