model,f1_score
BiGRU,0.6833044068067109
ATBiGRU,0.7006660313855886
BiLSTM,0.6729664773081965
ATBiLSTM,0.6752735883940303
KimCNN,0.7227102071956313
BERTModel,0.7009767942313105
