{
    "best_trial_number": 84,
    "best_f1_score": 0.6756593748820633,
    "best_parameters": {
        "epochs": 240,
        "batch_size": 16,
        "lr": 0.0007864681100967787,
        "hidden_size": 768,
        "dropout": 0.41473258103142063,
        "num_layers": 2
    }
}