model,f1_score
BiGRU,0.5275925735680205
ATBiGRU,0.5949040080182515
BiLSTM,0.5384635335615728
ATBiLSTM,0.5264460586494485
KimCNN,0.5993957483319186
BERTModel,0.600650055942448
