{
    "best_trial_number": 146,
    "best_f1_score": 0.6168399053778112,
    "best_parameters": {
        "epochs": 67,
        "batch_size": 16,
        "lr": 0.00011467943906423858,
        "fc1_size": 128,
        "dropout": 0.23313375794631375
    }
}