{
    "best_trial_number": 195,
    "best_f1_score": 0.6741534920163055,
    "best_parameters": {
        "epochs": 176,
        "batch_size": 32,
        "lr": 0.00074960015851661,
        "hidden_size": 512,
        "dropout": 0.44875051047479164,
        "num_layers": 2
    }
}