{
    "best_trial_number": 185,
    "best_f1_score": 0.7378119542136279,
    "best_parameters": {
        "epochs": 58,
        "batch_size": 16,
        "lr": 0.0004942352531724262,
        "fc1_size": 64,
        "dropout": 0.31916499524456365
    }
}