model,f1_score
BiGRU,0.589584381568195
ATBiGRU,0.6086897811668454
BiLSTM,0.6036049316537121
ATBiLSTM,0.6260734540136551
KimCNN,0.6424626380766731
BERTModel,0.6612852278490183
