{
    "best_trial_number": 142,
    "best_f1_score": 0.7674547942599138,
    "best_parameters": {
        "epochs": 9,
        "batch_size": 16,
        "lr": 2.40170701214578e-05,
        "dropout": 0.20972713427312586
    }
}