feature,Logistic Regression,XGBoost,correct_mean_std,incorrect_mean_std,lr_coef_count,xgb_coef_count,num_significant,significance_rate,lr_sign
word_count*,-0.4636540567832622,0.0281807277351617,23.7320 ± 8.0809,25.0026 ± 11.6014,13,13,13,13/13,negative
joy*,0.1988650539026307,0.0301511976867914,0.1376 ± 0.2103,0.0826 ± 0.1674,13,13,12,12/13,positive
fear*,-0.303166110667099,0.0294409021735191,0.2741 ± 0.3365,0.3806 ± 0.3817,13,13,10,10/13,negative
avg_word_length*,-0.5474332498391877,0.0258385557681322,4.6784 ± 0.8240,4.7133 ± 0.8786,13,13,7,7/13,negative
doubt_adverbs_count*,-0.119118825232351,0.0217447495087981,0.2457 ± 0.4993,0.2982 ± 0.5845,13,12,7,7/13,negative
