feature,Logistic Regression,XGBoost,correct_mean_std,incorrect_mean_std
function_word_ratio*,-0.5186003502397778,0.0221394654363393,0.2826 ± 0.1098,0.3371 ± 0.1373
sentence_count*,-0.459678409615198,0.0181701481342315,1.9112 ± 0.9144,2.1942 ± 1.3231
anger*,0.661097955307958,0.0192269515246152,0.2555 ± 0.2756,0.1658 ± 0.2118
verb_ratio*,-0.4634887879237758,0.0205882508307695,0.1182 ± 0.0624,0.1356 ± 0.0615
sadness*,0.2147402884266305,0.0174312982708215,0.1181 ± 0.1938,0.1004 ± 0.1739
