model,f1_score
BiGRU,0.616597784881987
ATBiGRU,0.6227780379628428
BiLSTM,0.606747086763597
ATBiLSTM,0.5920371468610081
KimCNN,0.6003009722987979
BERTModel,0.6356146596097493
