{
    "best_trial_number": 95,
    "best_f1_score": 0.7182738757432823,
    "best_parameters": {
        "epochs": 45,
        "batch_size": 32,
        "lr": 0.00013429153396474404,
        "fc1_size": 256,
        "dropout": 0.3252020867212097
    }
}