{
    "best_trial_number": 66,
    "best_f1_score": 0.588350206459997,
    "best_parameters": {
        "epochs": 90,
        "batch_size": 16,
        "lr": 9.30799775454046e-05,
        "hidden_size": 768,
        "dropout": 0.3855251390425166,
        "num_layers": 2
    }
}