model,f1_score
BiGRU,0.6213474488627956
ATBiGRU,0.6132742394529528
BiLSTM,0.6030420373253834
ATBiLSTM,0.6178208321076752
KimCNN,0.44351342835208357
BERTModel,0.6866767273973838
