model,f1_score
BiGRU,0.6060469082240069
ATBiGRU,0.6426141632327199
BiLSTM,0.6062304079220651
ATBiLSTM,0.6965851082555887
KimCNN,0.6570626288162386
BERTModel,0.713307165101055
