{
    "best_trial_number": 87,
    "best_f1_score": 0.556003799385437,
    "best_parameters": {
        "epochs": 37,
        "batch_size": 16,
        "lr": 2.6195698152377746e-05,
        "hidden_size": 512,
        "dropout": 0.36888156633928026,
        "num_layers": 1
    }
}