model,f1_score
BiGRU,0.7649773304183234
ATBiGRU,0.7697947616217946
BiLSTM,0.7510966555842298
ATBiLSTM,0.7590065859296629
KimCNN,0.7531041491759092
BERTModel,0.8069629943702448
