{
    "best_trial_number": 116,
    "best_f1_score": 0.7853089393648307,
    "best_parameters": {
        "epochs": 76,
        "batch_size": 128,
        "lr": 1.335395833186531e-05,
        "hidden_size": 512,
        "dropout": 0.36025426073123507,
        "num_layers": 1
    }
}