model,f1_score
ATBiGRU,0.529468452018665
BiLSTMModel,0.517037037037037
BiCond,0.4933700530395757
TAN,0.39612836911831883
KimCNN,0.2195121951219512
