model,f1_score
BiGRU,0.6505385382859648
ATBiGRU,0.6423709315130632
BiLSTM,0.6582789183915465
ATBiLSTM,0.6552494556719967
KimCNN,0.6694618367120859
BERTModel,0.6905265383427333
