model,f1_score
BiGRU,0.6749452415755068
ATBiGRU,0.6733098032777914
BiLSTM,0.7034157122764718
ATBiLSTM,0.7232698647332794
KimCNN,0.728761549315006
BERTModel,0.6869563614919652
