stance,model,overlapping_features,shap_only,linear_only,importance_spearman,rank_spearman,importance_pearson
All_Stances,Logistic Regression,43,1,0,0.773180308064029,0.773180308064029,0.8602691723088465
All_Stances,XGBoost,36,8,0,0.0906048906048906,0.0906048906048906,0.07309210840765462
FAVOR,Logistic Regression,43,1,0,0.8524614919963757,0.8524614919963757,0.8872068283562303
FAVOR,XGBoost,32,12,0,0.20784457478005863,0.20784457478005863,0.3027443267319547
AGAINST,Logistic Regression,43,1,0,0.6763817577771066,0.6763817577771066,0.8231548426461084
AGAINST,XGBoost,31,13,0,0.18346774193548387,0.18346774193548387,0.3031632388538814
NONE,Logistic Regression,43,1,0,0.7077922077922078,0.7077922077922078,0.8328861424007833
NONE,XGBoost,35,9,0,-0.03725490196078432,-0.03725490196078432,0.08271921043053096
