model,f1_score
BiGRU,0.7280896267487084
ATBiGRU,0.7754203944565572
BiLSTM,0.755110605486032
ATBiLSTM,0.7550951998972704
KimCNN,0.761955304363257
BERTModel,0.7931742808402069
