model,f1_score
BiGRU,0.5137058932223882
ATBiGRU,0.5137888705087741
BiLSTM,0.5180202610664573
ATBiLSTM,0.5421558994514043
KimCNN,0.6017173955821878
BERTModel,0.5913835762672971
